macaddress;datetime;cpu;ram;disco;uptime;bytes_enviados;bytes_recebidos;pacotes_perdidos
80160640191877;2025-11-19 13:13:23.217634;67.6;78.8;26.6;244676.21787;4153.454106330872;5341.85317325592;4868
80160640191877;2025-11-19 13:14:23.267820;8.5;78.6;26.6;244736.268699;4153.879465103149;5342.4979429244995;4870
80160640191877;2025-11-19 13:15:23.307135;7.7;78.9;26.6;244796.308029;4154.397850990295;5344.003685951233;4875
80160640191877;2025-11-19 13:16:23.348004;7.1;79.4;26.6;244856.348768;4154.828851699829;5344.8987865448;4879
80160640191877;2025-11-19 13:17:23.391251;6.7;78.9;26.6;244916.391736;4155.487924575806;5345.597464561462;4881
80160640191877;2025-11-19 13:18:23.422593;8.2;79.4;26.6;244976.42339;4155.960157394409;5346.31019115448;4894
80160640191877;2025-11-19 13:19:23.463594;9.9;78.7;26.6;245036.464036;4156.816703796387;5351.213262557983;4904
80160640191877;2025-11-19 13:20:23.496737;8.9;78.1;26.6;245096.497543;4157.167837142944;5351.917552947998;4913
80160640191877;2025-11-19 13:21:23.536311;15.0;79.8;26.6;245156.536664;4157.85998249054;5353.017360687256;4919
80160640191877;2025-11-19 13:22:23.594419;5.3;77.3;26.6;245216.595343;4158.451406478882;5354.155476570129;4921
80160640191877;2025-11-19 13:23:23.634736;10.3;77.6;26.6;245276.635619;4158.97970199585;5354.854091644287;4925
80160640191877;2025-11-19 13:24:23.675333;10.9;79.1;26.6;245336.676119;4159.332938194275;5355.6924867630005;4929
80160640191877;2025-11-19 13:29:36.714833;12.8;78.7;26.6;245649.715614;4160.155680656433;5356.674077033997;4971
80160640191877;2025-11-19 13:30:36.762726;5.5;78.2;26.6;245709.763508;4161.062553405762;5357.391237258911;4971
80160640191877;2025-11-19 13:31:36.805470;7.2;79.5;26.6;245769.806537;4161.446269989014;5357.779635429382;4971
80160640191877;2025-11-19 13:32:36.845649;11.7;80.6;26.6;245829.846565;4162.336653709412;5363.189526557922;4971
80160640191877;2025-11-19 13:33:36.884445;7.1;79.3;26.6;245889.885384;4162.747499465942;5363.595664024353;4971
80160640191877;2025-11-19 13:34:36.918932;5.6;78.9;26.6;245949.919841;4163.1772565841675;5363.954082489014;4971
80160640191877;2025-11-19 13:35:36.957304;4.9;79.2;26.6;246009.958246;4163.596081733704;5364.396262168884;4971
80160640191877;2025-11-19 13:36:36.994475;8.0;79.7;26.6;246069.995279;4164.137665748596;5364.773283958435;4971
80160640191877;2025-11-19 13:37:37.034777;8.5;79.1;26.6;246130.035724;4164.527981758118;5365.160349845886;4971
80160640191877;2025-11-19 13:38:37.075253;9.0;79.4;26.6;246190.076221;4165.407056808472;5371.12700843811;4971
80160640191877;2025-11-19 13:39:37.107245;8.2;79.1;26.6;246250.108355;4165.942892074585;5372.109574317932;4971
80160640191877;2025-11-19 13:40:37.157970;6.0;79.0;26.6;246310.15872;4166.460965156555;5374.388215065002;4971
80160640191877;2025-11-19 13:41:37.198186;7.6;77.7;26.6;246370.199039;4166.841370582581;5374.734654426575;4971
80160640191877;2025-11-19 13:42:37.230740;6.8;78.2;26.6;246430.231293;4167.386276245117;5375.11909198761;4971
80160640191877;2025-11-19 13:43:37.276819;4.3;78.0;26.6;246490.277863;4167.713349342346;5375.452738761902;4971
80160640191877;2025-11-19 13:44:37.316258;5.8;78.0;26.6;246550.317132;4168.228567123413;5375.805911064148;4971
80160640191877;2025-11-19 13:45:37.354949;7.0;78.4;26.6;246610.355803;4168.603828430176;5376.246103286743;4971
80160640191877;2025-11-19 13:46:37.393261;5.7;78.2;26.6;246670.394303;4169.067856788635;5376.624698638916;4971
80160640191877;2025-11-19 13:47:37.431554;4.6;77.9;26.6;246730.431925;4169.554202079773;5376.9872789382935;4971
80160640191877;2025-11-19 13:48:37.461563;3.8;78.2;26.6;246790.462462;4170.04025554657;5377.320013046265;4971
80160640191877;2025-11-19 13:49:37.492771;3.1;78.1;26.6;246850.493621;4170.490155220032;5377.698103904724;4971
80160640191877;2025-11-19 13:50:37.533462;4.5;78.5;26.6;246910.53427;4170.985571861267;5378.102824211121;4971
80160640191877;2025-11-19 13:51:37.573552;7.6;78.4;26.6;246970.574491;4173.763457298279;5381.112727165222;4971
80160640191877;2025-11-19 13:52:37.614377;5.5;78.4;26.6;247030.614808;4174.172612190247;5381.446210861206;4971
80160640191877;2025-11-19 13:53:37.643813;6.7;76.1;26.6;247090.644151;4174.590010643005;5381.810755729675;4971
80160640191877;2025-11-19 13:54:37.671804;2.7;75.9;26.6;247150.672764;4175.073281288147;5382.133460044861;4971
80160640191877;2025-11-19 13:55:37.710124;3.1;76.4;26.6;247210.711069;4175.409069061279;5382.532324790955;4971
80160640191877;2025-11-19 13:56:37.742493;2.9;75.8;26.6;247270.743027;4175.895108222961;5382.856310844421;4971
80160640191877;2025-11-19 13:57:37.772233;2.5;75.5;26.6;247330.773132;4176.214283943176;5383.16627407074;4971
80160640191877;2025-11-19 13:58:37.803322;2.6;75.3;26.6;247390.804196;4176.634014129639;5383.514730453491;4971
80160640191877;2025-11-19 13:59:37.839614;2.9;75.2;26.6;247450.840496;4176.95276260376;5383.828622817993;4971
80160640191877;2025-11-19 14:00:37.870726;2.7;76.0;26.6;247510.871637;4177.458379745483;5384.23647403717;4971
80160640191877;2025-11-19 14:01:37.903703;6.2;76.0;26.6;247570.904934;4177.894256591797;5384.644249916077;4971
80160640191877;2025-11-19 14:02:37.945549;10.3;75.7;26.6;247630.946452;4178.462019920349;5385.034393310547;4971
80160640191877;2025-11-19 14:03:38.683651;2.7;75.9;26.6;247690.684773;4178.929132461548;5385.428935050964;4973
80160640191877;2025-11-19 14:04:38.720869;3.2;75.9;26.6;247750.721743;4179.375887870789;5386.693903923035;4973
80160640191877;2025-11-19 14:05:38.751616;6.1;76.5;26.6;247810.752481;4179.738033294678;5387.1084451675415;4973
80160640191877;2025-11-19 14:06:38.790739;8.5;78.0;26.6;247870.791792;4180.306365013123;5389.21489238739;4973
80160640191877;2025-11-19 14:07:38.828793;10.2;76.8;26.6;247930.829717;4207.709411621094;5416.6152238845825;4973
80160640191877;2025-11-19 14:08:38.857768;10.4;76.8;26.6;247990.858141;4259.245708465576;5467.996162414551;4973
80160640191877;2025-11-19 14:09:38.886039;13.4;76.9;26.6;248050.886899;4314.655932426453;5523.399951934814;4973
80160640191877;2025-11-19 14:10:38.925952;10.0;77.7;26.6;248110.926475;4328.429631233215;5537.21412563324;4973
80160640191877;2025-11-19 14:11:39.024103;10.1;76.3;26.6;248171.02536;4329.214873313904;5542.217686653137;4973
80160640191877;2025-11-19 14:12:39.066861;12.7;76.7;26.6;248231.067299;4329.817413330078;5543.050380706787;4973
80160640191877;2025-11-19 14:13:39.101639;10.2;76.1;26.6;248291.102219;4330.220350265503;5543.7981786727905;4973
80160640191877;2025-11-19 14:14:39.140156;3.9;76.3;26.6;248351.141044;4330.715489387512;5544.150149345398;4973
80160640191877;2025-11-19 14:15:39.170256;10.1;77.5;26.6;248411.171132;4331.161473274231;5544.677720069885;4973
80160640191877;2025-11-19 14:16:39.203410;6.6;76.2;26.6;248471.20428;4334.059181213379;5547.5110692977905;4973
80160640191877;2025-11-19 14:17:39.239411;2.6;76.0;26.6;248531.240336;4334.564754486084;5547.889868736267;4973
80160640191877;2025-11-19 14:18:39.279549;2.6;76.1;26.6;248591.279899;4335.050707817078;5548.213084220886;4973
80160640191877;2025-11-19 14:19:39.307175;2.8;76.1;26.6;248651.307611;4335.459209442139;5549.467090606689;4973
80160640191877;2025-11-19 14:20:39.336100;2.8;76.8;26.6;248711.336966;4335.972633361816;5549.908429145813;4973
80160640191877;2025-11-19 14:21:39.369261;4.0;76.5;26.6;248771.369681;4336.301200866699;5550.236200332642;4973
80160640191877;2025-11-19 14:22:39.408585;5.6;75.8;26.6;248831.408951;4336.706106185913;5550.586465835571;4973
80160640191877;2025-11-19 14:23:39.448407;8.1;76.2;26.6;248891.449326;4352.863953590393;5566.750356674194;4973
80160640191877;2025-11-19 14:24:39.490368;4.1;76.5;26.6;248951.491155;4353.3367528915405;5567.057147026062;4973
80160640191877;2025-11-19 14:25:39.531201;10.3;77.4;26.6;249011.53204;4356.768632888794;5570.547904968262;4973
80160640191877;2025-11-19 14:26:39.566886;11.9;76.8;26.6;249071.567776;4357.417511940002;5571.094167709351;4973
80160640191877;2025-11-19 14:27:39.606775;8.9;76.8;26.6;249131.607168;4357.817600250244;5572.0468463897705;4973
80160640191877;2025-11-19 14:28:39.636279;6.1;76.2;26.6;249191.636834;4358.219929695129;5572.375432014465;4973
80160640191877;2025-11-19 14:29:39.669087;11.6;76.5;26.6;249251.669914;4358.724680900574;5572.821140289307;4973
80160640191877;2025-11-19 14:30:39.710930;7.3;77.0;26.6;249311.711699;4359.580917358398;5573.543875694275;4981
80160640191877;2025-11-19 14:31:39.749882;2.3;76.9;26.6;249371.750799;4360.017330169678;5573.920831680298;4981
80160640191877;2025-11-19 14:32:39.790041;1.7;76.4;26.6;249431.790882;4360.489295959473;5574.2314348220825;4981
80160640191877;2025-11-19 14:33:39.826404;8.3;76.7;26.6;249491.826784;4360.948589324951;5574.6316566467285;4981
80160640191877;2025-11-19 14:34:39.863207;6.5;76.5;26.6;249551.864035;4361.448638916016;5575.917820930481;4981
80160640191877;2025-11-19 14:35:39.903461;6.5;77.1;26.6;249611.904424;4361.787625312805;5576.315992355347;4981
80160640191877;2025-11-19 14:36:39.942162;11.5;78.0;26.6;249671.942987;4362.392919540405;5576.736771583557;4981
80160640191877;2025-11-19 14:37:39.978607;2.3;77.1;26.6;249731.979479;4362.73739528656;5577.075054168701;4981
80160640191877;2025-11-19 14:38:40.018481;4.1;76.9;26.6;249792.019395;4363.226029396057;5577.396945953369;4981
80160640191877;2025-11-19 14:39:40.053531;2.4;77.2;26.6;249852.054421;4365.996071815491;5580.161355018616;4981
80160640191877;2025-11-19 14:40:40.084621;8.6;77.9;26.6;249912.085483;4420.826044082642;5634.9911460876465;4981
80160640191877;2025-11-19 14:41:40.126050;3.0;78.3;26.6;249972.126851;4426.043378829956;5640.20925617218;4981
80160640191877;2025-11-19 14:42:40.165512;6.6;77.6;26.6;250032.166354;4444.799641609192;5658.849480628967;5013
80160640191877;2025-11-19 14:43:40.205155;6.1;77.6;26.6;250092.205851;4445.630803108215;5660.020148277283;5021
80160640191877;2025-11-19 14:44:40.241842;10.5;77.0;26.6;250152.24284;4446.449024200439;5663.339950561523;5026
80160640191877;2025-11-19 14:45:40.285946;3.9;76.4;26.6;250212.286842;4446.817928314209;5663.959966659546;5033
80160640191877;2025-11-19 14:46:40.316941;11.9;77.6;26.6;250272.317507;4451.656897544861;5668.5596351623535;5035
80160640191877;2025-11-19 14:47:40.364729;5.5;77.7;26.6;250332.365654;4452.682143211365;5669.232855796814;5039
80160640191877;2025-11-19 14:48:40.404130;9.0;76.4;26.6;250392.404609;4453.486760139465;5670.255751609802;5044
80160640191877;2025-11-19 14:49:40.436988;3.8;75.9;26.6;250452.437414;4453.895858764648;5671.6837911605835;5050
80160640191877;2025-11-19 14:50:40.468213;3.5;76.4;26.6;250512.469183;4454.4002685546875;5672.2844524383545;5056
80160640191877;2025-11-19 14:51:40.508162;2.0;75.8;26.6;250572.508973;4454.724489212036;5672.84797668457;5061
80160640191877;2025-11-19 14:52:40.539387;4.4;74.3;26.6;250632.540292;4455.233105659485;5673.666751861572;5072
80160640191877;2025-11-19 14:53:40.577130;6.8;73.4;26.6;250692.577994;4470.06219291687;5688.6793384552;5075
80160640191877;2025-11-19 14:54:40.616921;5.7;73.9;26.6;250752.617752;4480.582973480225;5699.267627716064;5080
80160640191877;2025-11-19 14:55:40.653578;1.9;74.3;26.6;250812.654469;4480.914715766907;5699.925336837769;5089
80160640191877;2025-11-19 14:56:40.683799;4.5;73.8;26.6;250872.684685;4483.8483057022095;5703.128499031067;5094
80160640191877;2025-11-19 14:57:40.714639;8.3;73.9;26.6;250932.715511;4484.197934150696;5703.77739238739;5104
80160640191877;2025-11-19 14:58:40.753678;14.9;74.7;26.6;250992.754394;4499.416335105896;5719.133777618408;5112
80160640191877;2025-11-19 14:59:40.793249;8.6;74.0;26.6;251052.793962;4499.75208568573;5719.709736824036;5125
80160640191877;2025-11-19 15:00:40.832578;8.2;75.1;26.6;251112.833427;4502.7916049957275;5724.367241859436;5129
80160640191877;2025-11-19 15:01:40.870160;5.7;74.0;26.6;251172.870599;4503.227956771851;5725.317918777466;5135
80160640191877;2025-11-19 15:02:40.907717;8.5;74.0;26.6;251232.908103;4503.783586502075;5725.977446556091;5146
80160640191877;2025-11-19 20:12:45.628879;6.2;74.5;26.6;269837.629671;4504.122720718384;5726.351807594299;5171
80160640191877;2025-11-19 20:13:45.672910;2.9;73.3;26.6;269897.673829;4504.281005859375;5726.539794921875;5171
80160640191877;2025-11-19 20:14:45.708330;2.2;72.6;26.6;269957.709154;4504.351616859436;5726.63140296936;5175
80160640191877;2025-11-19 20:15:45.745861;1.7;73.0;26.6;270017.7467;4504.461408615112;5726.7609004974365;5175
80160640191877;2025-11-19 20:16:45.789404;2.6;72.9;26.6;270077.790462;4504.565311431885;5726.886798858643;5179
80160640191877;2025-11-19 20:17:45.839705;6.3;73.1;26.6;270137.840603;4516.090140342712;5738.437996864319;5179
80160640191877;2025-11-19 20:18:45.869495;4.1;73.5;26.6;270197.870333;4521.077459335327;5743.449911117554;5183
80160640191877;2025-11-19 20:19:45.899928;7.7;73.7;26.6;270257.900745;4525.157959938049;5747.552659034729;5183
80160640191877;2025-11-19 20:20:45.929863;6.1;74.2;26.6;270317.930957;4534.107831954956;5756.527832984924;5187
80160640191877;2025-11-19 20:21:45.973097;8.1;73.9;26.6;270377.973457;4536.284403800964;5758.728134155273;5187
80160640191877;2025-11-19 20:22:46.005858;7.8;74.0;26.6;270438.006598;4554.403599739075;5776.869773864746;5191
80160640191877;2025-11-19 20:23:46.039605;8.5;74.2;26.6;270498.040676;4574.163856506348;5796.652689933777;5191
80160640191877;2025-11-19 20:24:46.076746;8.8;74.0;26.6;270558.077599;4595.417499542236;5817.92524433136;5195
80160640191877;2025-11-19 20:25:46.118914;8.5;74.3;26.6;270618.119676;4609.542016983032;5832.081544876099;5195
80160640191877;2025-11-19 20:26:46.153652;7.8;74.2;26.6;270678.154767;4627.646299362183;5850.210425376892;5199
80160640191877;2025-11-19 20:27:46.192192;7.5;74.2;26.6;270738.193136;4636.7827405929565;5859.370809555054;5199
80160640191877;2025-11-19 20:28:46.232725;10.2;74.5;26.6;270798.23361;4676.076342582703;5898.686532974243;5203
80160640191877;2025-11-19 20:29:46.277771;4.9;74.5;26.6;270858.278676;4676.338512420654;5898.975131988525;5203
80160640191877;2025-11-19 20:30:46.318340;2.1;74.4;26.6;270918.319198;4676.437572479248;5899.0936460494995;5207
80160640191877;2025-11-19 20:31:46.353202;1.9;74.3;26.6;270978.353977;4676.530704498291;5899.205352783203;5207
80160640191877;2025-11-19 20:32:46.393419;5.1;74.6;26.6;271038.393769;4678.817569732666;5901.515674591064;5207
80160640191877;2025-11-19 20:33:46.428030;4.8;74.4;26.6;271098.428866;4678.909324645996;5901.630060195923;5207
80160640191877;2025-11-19 20:34:46.464095;3.8;74.2;26.6;271158.465016;4678.980445861816;5901.72462272644;5211
80160640191877;2025-11-19 20:35:46.504158;4.7;74.7;26.6;271218.50507;4679.071562767029;5901.8389139175415;5211
80160640191877;2025-11-19 20:36:46.542537;4.1;74.3;26.6;271278.543444;4679.1609926223755;5901.952617645264;5215
80160640191877;2025-11-19 20:37:46.582930;4.0;74.3;26.6;271338.583722;4679.2539167404175;5902.081867218018;5215
80160640191877;2025-11-19 20:38:46.621717;9.5;74.7;26.6;271398.622577;4720.72332572937;5943.5719537734985;5219
80160640191877;2025-11-19 20:39:46.652673;11.8;74.2;26.6;271458.653576;4769.779287338257;5992.650267601013;5219
80160640191877;2025-11-19 20:40:46.687928;5.0;74.7;26.6;271518.688688;4772.637225151062;5995.532958984375;5219
80160640191877;2025-11-19 20:41:46.725452;5.0;74.5;26.6;271578.726211;4787.236354827881;6010.153239250183;5219
80160640191877;2025-11-19 20:42:46.757253;1.8;74.5;26.6;271638.758164;4787.322222709656;6010.26277923584;5221
80160640191877;2025-11-19 20:43:46.787440;4.9;74.7;26.6;271698.788297;4798.838688850403;6021.80366230011;5221
80160640191877;2025-11-19 20:44:46.825866;2.3;74.2;26.6;271758.826826;4798.915328979492;6021.902009963989;5225
80160640191877;2025-11-19 20:45:46.863098;4.1;74.4;26.6;271818.864051;4805.368991851807;6028.378578186035;5225
80160640191877;2025-11-19 20:46:46.984916;6.6;74.5;26.6;271878.985732;4831.516658782959;6054.550193786621;5225
80160640191877;2025-11-19 20:47:47.025131;6.1;74.4;26.6;271939.025958;4833.17831993103;6056.256500244141;5225
80160640191877;2025-11-19 20:48:47.065468;3.4;74.5;26.6;271999.066305;4835.653049468994;6058.761501312256;5229
80160640191877;2025-11-19 20:49:47.105297;5.3;74.6;26.6;272059.106155;4835.745825767517;6058.894316673279;5229
80160640191877;2025-11-19 20:50:47.148775;7.1;74.8;26.6;272119.149555;4838.479325294495;6061.6498346328735;5233
80160640191877;2025-11-19 20:51:47.186020;5.8;74.7;26.6;272179.186941;4855.207456588745;6078.39963722229;5233
80160640191877;2025-11-19 20:52:47.227382;3.9;75.0;26.6;272239.22832;4863.4570569992065;6086.671088218689;5233
80160640191877;2025-11-19 20:53:47.267617;6.2;74.7;26.6;272299.268518;4875.910466194153;6099.145758628845;5233
80160640191877;2025-11-19 20:54:47.320583;10.1;74.7;26.6;272359.32148;4925.174974441528;6148.432325363159;5237
80160640191877;2025-11-19 20:55:47.361475;4.4;75.3;26.6;272419.362374;4930.174709320068;6153.453874588013;5237
80160640191877;2025-11-19 20:56:47.391692;7.1;74.7;26.6;272479.39258;4954.687966346741;6177.988219261169;5241
80160640191877;2025-11-19 20:57:47.421921;2.0;74.9;26.6;272539.422813;4954.77442073822;6178.098359107971;5241
80160640191877;2025-11-19 20:58:47.461565;8.5;74.9;26.6;272599.462333;4985.630445480347;6208.974821090698;5245
80160640191877;2025-11-19 20:59:47.504030;5.4;74.6;26.6;272659.504864;4987.592987060547;6210.958089828491;5245
80160640191877;2025-11-19 21:00:47.554578;5.9;75.2;26.6;272719.555029;4987.682872772217;6211.069496154785;5245
80160640191877;2025-11-19 21:01:47.588777;3.6;74.9;26.6;272779.589595;4987.784664154053;6211.204957962036;5245
80160640191877;2025-11-19 21:02:47.628658;1.8;74.8;26.6;272839.629564;4987.876474380493;6211.317089080811;5249
80160640191877;2025-11-19 21:03:47.658184;8.2;75.0;26.6;272899.65912;5005.37073802948;6228.834139823914;5249
80160640191877;2025-11-19 21:04:47.698731;8.6;74.9;26.6;272959.699667;5027.170763969421;6250.655552864075;5253
80160640191877;2025-11-19 21:05:47.738894;5.0;75.0;26.6;273019.739762;5033.495945930481;6257.003535270691;5253
80160640191877;2025-11-19 21:06:47.771407;9.5;74.7;26.6;273079.771903;5053.4611711502075;6276.987881660461;5257
80160640191877;2025-11-19 21:07:47.823360;7.7;74.0;26.6;273139.824277;5053.561841011047;6277.107520103455;5257
80160640191877;2025-11-19 21:08:47.869918;6.2;73.7;26.6;273199.870686;5053.651570320129;6277.217080116272;5261
80160640191877;2025-11-19 21:09:47.900147;5.3;74.3;26.6;273259.900832;5053.7429895401;6277.330862998962;5261
80160640191877;2025-11-19 21:10:47.929329;5.4;74.2;26.6;273319.93023;5053.832914352417;6277.443817138672;5265
80160640191877;2025-11-19 21:11:47.982250;4.3;73.4;26.6;273379.983151;5053.914476394653;6277.544697761536;5265
80160640191877;2025-11-19 21:12:48.014106;4.6;73.5;26.6;273440.014996;5054.019780158997;6277.668189048767;5267
80160640191877;2025-11-19 21:13:48.054849;5.2;73.5;26.6;273500.0556;5054.1135358810425;6277.799592018127;5267
80160640191877;2025-11-19 21:14:48.086950;5.4;73.1;26.6;273560.087854;5054.192794799805;6277.904781341553;5267
80160640191877;2025-11-19 21:15:48.126968;5.3;73.5;26.6;273620.127601;5054.300395965576;6278.030958175659;5267
80160640191877;2025-11-19 21:16:48.161355;5.4;74.6;26.6;273680.162219;5054.396883010864;6278.147795677185;5267
80160640191877;2025-11-19 21:17:48.193846;6.9;75.0;26.6;273740.194662;5054.634265899658;6278.378783226013;5270
80160640191877;2025-11-19 21:18:48.250731;25.3;76.0;26.6;273800.251515;5058.894930839539;6296.843879699707;5270
80160640191877;2025-11-19 21:19:48.288867;26.7;76.4;26.6;273860.289235;5060.714250564575;6306.979961395264;5270
80160640191877;2025-11-19 21:20:48.319747;28.1;77.2;26.6;273920.320194;5061.1225690841675;6308.790163993835;5270
80160640191877;2025-11-19 21:21:48.358201;8.9;75.7;26.6;273980.359025;5062.846300125122;6322.888006210327;5272
80160640191877;2025-11-19 21:22:48.390618;8.6;74.1;26.6;274040.391445;5062.875608444214;6322.917314529419;5272
80160640191877;2025-11-19 21:23:48.426460;8.9;74.1;26.6;274100.427203;5062.893342971802;6322.935049057007;5272
80160640191877;2025-11-19 21:24:48.457973;8.8;74.2;26.6;274160.458975;5062.920263290405;6322.96196937561;5272
80160640191877;2025-11-19 21:25:48.491078;8.6;74.3;26.6;274220.491736;5062.950746536255;6322.99245262146;5272
80160640191877;2025-11-19 21:26:48.526669;8.3;74.3;26.6;274280.527462;5062.969146728516;6323.010852813721;5272
80160640191877;2025-11-19 21:27:48.560260;11.4;74.7;26.6;274340.561299;5063.044871330261;6323.084717750549;5274
80160640191877;2025-11-19 21:28:48.596344;13.9;74.1;26.6;274400.596779;5064.517729759216;6326.8365659713745;5279
80160640191877;2025-11-19 21:29:48.635042;9.6;74.0;26.6;274460.635966;5064.542603492737;6326.861439704895;5279
80160640191877;2025-11-19 21:30:48.676485;3.9;74.6;26.6;274520.677419;5064.569100379944;6326.887936592102;5279
80160640191877;2025-11-19 21:31:48.708414;2.1;74.0;26.6;274580.709507;5064.597054481506;6326.915890693665;5279
80160640191877;2025-11-19 21:32:48.748406;1.5;74.0;26.6;274640.749322;5064.611939430237;6326.930775642395;5279
80160640191877;2025-11-19 21:33:48.786153;3.8;73.7;26.6;274700.787068;5064.637843132019;6326.956679344177;5279
80160640191877;2025-11-19 21:34:48.817634;9.0;74.1;26.6;274760.818395;5065.427509307861;6327.996692657471;5286
80160640191877;2025-11-19 21:35:48.848473;12.5;74.0;26.6;274820.849321;5065.472681045532;6328.041864395142;5286
80160640191877;2025-11-19 21:36:48.888520;7.2;74.1;26.6;274880.889254;5066.076065063477;6328.645248413086;5286
80160640191877;2025-11-19 21:37:48.919885;8.4;74.0;26.6;274940.920635;5086.05925655365;6348.628439903259;5286
80160640191877;2025-11-19 21:38:48.958823;4.9;73.9;26.6;275000.959191;5086.088282585144;6348.657465934753;5286
80160640191877;2025-11-19 21:39:48.991197;9.8;74.1;26.6;275060.992113;5086.20207118988;6348.77125453949;5286
80160640191877;2025-11-19 21:40:49.032245;10.0;75.0;26.6;275121.032577;5087.202622413635;6349.771805763245;5286
80160640191877;2025-11-19 21:41:49.066332;5.2;73.3;26.6;275181.067268;5087.230330467224;6349.7995138168335;5286
80160640191877;2025-11-19 21:42:49.105574;2.0;73.4;26.6;275241.106448;5087.249640464783;6349.818823814392;5286
80160640191877;2025-11-19 21:43:49.137538;5.8;73.8;26.6;275301.138469;5087.281889915466;6349.851073265076;5286
80160640191877;2025-11-19 21:44:49.209167;4.2;73.9;26.6;275361.209991;5087.313755989075;6349.882939338684;5286
80160640191877;2025-11-19 21:45:49.249094;2.0;74.4;26.6;275421.249462;5087.3395166397095;6349.908699989319;5286
80160640191877;2025-11-19 21:46:49.277669;3.1;74.3;26.6;275481.278588;5087.364373207092;6349.933556556702;5286
80160640191877;2025-11-19 21:47:49.313777;3.7;73.9;26.6;275541.314698;5087.380585670471;6349.949769020081;5286
80160640191877;2025-11-19 21:48:49.343406;2.1;73.9;26.6;275601.344361;5087.405411720276;6349.974595069885;5286
80160640191877;2025-11-19 21:49:49.377919;5.6;73.7;26.6;275661.378397;5087.44447517395;6350.01365852356;5286
80160640191877;2025-11-19 21:50:49.406906;10.6;74.7;26.6;275721.407667;5087.596026420593;6350.165209770203;5286
80160640191877;2025-11-19 21:51:49.438671;13.5;74.9;26.6;275781.439038;5091.677311897278;6354.246495246887;5286
80160640191877;2025-11-19 21:52:49.469013;5.8;74.6;26.6;275841.469862;5091.693242073059;6354.2624254226685;5286
80160640191877;2025-11-19 21:53:49.497614;8.4;74.2;26.6;275901.497979;5091.718266487122;6354.287449836731;5286
80160640191877;2025-11-19 21:54:49.525824;14.6;74.6;26.6;275961.526541;5124.938578605652;6387.507761955261;5286
80160640191877;2025-11-19 21:55:49.555340;9.3;74.9;26.6;276021.556206;5125.0401611328125;6387.609344482422;5286
80160640191877;2025-11-19 21:56:49.593312;13.2;74.6;26.6;276081.593747;5169.304156303406;6431.873339653015;5286
80160640191877;2025-11-19 21:57:49.622772;7.9;73.6;26.6;276141.623655;5169.323145866394;6431.892329216003;5286
80160640191877;2025-11-19 21:58:49.654467;4.3;73.5;26.6;276201.654972;5169.415282249451;6432.860185623169;5288
80160640191877;2025-11-19 21:59:49.707156;12.9;74.2;26.6;276261.708161;5171.084071159363;6433.345630645752;5288
80160640191877;2025-11-19 22:00:49.750571;13.6;75.6;26.6;276321.751314;5172.464337348938;6433.737837791443;5288
80160640191877;2025-11-19 22:01:49.788631;9.4;75.0;26.6;276381.789476;5180.1109619140625;6441.616950035095;5288
80160640191877;2025-11-19 22:02:49.824372;8.2;75.1;26.6;276441.825317;5183.060587882996;6444.893140792847;5288
80160640191877;2025-11-19 22:03:49.866020;2.8;74.8;26.6;276501.866848;5183.208780288696;6444.952689170837;5288
80160640191877;2025-11-19 22:04:49.904605;2.8;75.0;26.6;276561.905523;5183.32936668396;6445.064492225647;5320
80160640191877;2025-11-19 22:05:49.939944;2.6;75.5;26.6;276621.940842;5183.414816856384;6445.1715259552;5320
80160640191877;2025-11-19 22:06:49.978512;2.6;75.4;26.6;276681.97936;5183.478501319885;6445.258007049561;5324
80160640191877;2025-11-19 22:07:50.012526;2.4;74.9;26.6;276742.013413;5183.529637336731;6445.338011741638;5324
80160640191877;2025-11-19 22:08:50.051734;2.7;75.1;26.6;276802.052573;5183.599123954773;6445.432679176331;5328
80160640191877;2025-11-19 22:09:50.082491;2.6;75.1;26.6;276862.08327;5183.666882514954;6445.524859428406;5328
80160640191877;2025-11-19 22:10:50.113083;2.5;75.7;26.6;276922.114063;5183.729311943054;6445.612484931946;5332
80160640191877;2025-11-19 22:11:50.152210;2.8;75.2;26.6;276982.153017;5183.81164932251;6445.715376853943;5332
80160640191877;2025-11-19 22:12:50.185692;2.7;75.3;26.6;277042.186586;5183.871846199036;6445.789951324463;5338
80160640191877;2025-11-19 22:13:50.216341;8.6;74.8;26.6;277102.217184;5183.94233417511;6445.891150474548;5338
80160640191877;2025-11-19 22:14:50.256179;2.6;74.8;26.6;277162.257035;5184.01577091217;6445.976584434509;5341
80160640191877;2025-11-19 22:15:50.294537;3.0;75.5;26.6;277222.295657;5184.0995626449585;6446.073879241943;5341
80160640191877;2025-11-19 22:16:50.334679;2.5;75.2;26.6;277282.335575;5184.1756048202515;6446.161845207214;5345
80160640191877;2025-11-19 22:17:50.363841;2.8;74.5;26.6;277342.364778;5184.238201141357;6446.247331619263;5345
80160640191877;2025-11-19 22:18:50.393639;2.4;75.1;26.6;277402.394382;5184.30588054657;6446.341504096985;5349
80160640191877;2025-11-19 22:19:50.422125;2.8;74.8;26.6;277462.423007;5184.419889450073;6446.4702405929565;5349
80160640191877;2025-11-19 22:20:50.453537;2.7;75.6;26.6;277522.454368;5184.49490070343;6446.570552825928;5353
80160640191877;2025-11-19 22:21:50.493709;4.2;75.2;26.6;277582.494643;5184.573830604553;6446.673509597778;5353
80160640191877;2025-11-19 22:22:50.534315;5.1;75.3;26.6;277642.535043;5184.625087738037;6446.776131629944;5357
80160640191877;2025-11-19 22:23:50.571905;6.7;74.3;26.6;277702.572911;5184.872555732727;6447.05957698822;5364
80160640191877;2025-11-19 22:24:50.610654;4.1;74.4;26.6;277762.611555;5184.970107078552;6447.24840927124;5364
80160640191877;2025-11-19 22:25:50.657837;6.5;74.6;26.6;277822.65885;5185.454644203186;6447.38928604126;5364
80160640191877;2025-11-19 22:26:50.694086;5.2;74.7;26.6;277882.694958;5185.514163017273;6447.443955421448;5364
80160640191877;2025-11-19 22:27:50.740410;10.7;74.4;26.6;277942.740941;5186.282170295715;6447.595178604126;5364
80160640191877;2025-11-19 22:28:50.777944;15.0;74.4;26.5;278002.778752;5186.818202972412;6448.357090950012;5364
80160640191877;2025-11-19 22:29:50.813354;3.3;74.0;26.5;278062.814369;5187.000235557556;6449.498044967651;5364
80160640191877;2025-11-19 22:30:50.852710;3.3;75.0;26.5;278122.853609;5187.139435768127;6449.569436073303;5364
80160640191877;2025-11-19 22:31:50.889665;4.2;74.3;26.5;278182.89038;5187.172801971436;6449.592206954956;5364
80160640191877;2025-11-19 22:32:50.929721;10.8;74.9;26.5;278242.930482;5191.343312263489;6452.541681289673;5364
80160640191877;2025-11-19 22:33:50.965402;2.9;74.6;26.5;278302.966274;5191.382796287537;6452.583658218384;5364
80160640191877;2025-11-19 22:34:51.001819;2.8;74.9;26.5;278363.002635;5191.539954185486;6452.687406539917;5397
80160640191877;2025-11-19 22:35:51.041499;3.0;74.9;26.5;278423.042519;5191.612539291382;6452.770384788513;5397
80160640191877;2025-11-19 22:36:51.071837;2.9;74.6;26.5;278483.07262;5191.688322067261;6452.857653617859;5401
80160640191877;2025-11-19 22:37:51.104955;2.6;74.5;26.5;278543.10589;5191.759039878845;6452.9428424835205;5401
80160640191877;2025-11-19 22:38:51.144333;4.8;73.8;26.5;278603.145263;5191.825909614563;6453.016153335571;5405
80160640191877;2025-11-19 22:39:51.185574;2.7;73.4;26.5;278663.186342;5191.905040740967;6453.10645198822;5405
80160640191877;2025-11-19 22:40:51.224137;2.6;74.3;26.5;278723.225014;5191.97357749939;6453.185757637024;5409
80160640191877;2025-11-19 22:41:51.253404;2.5;74.2;26.5;278783.254263;5192.0432596206665;6453.268405914307;5409
80160640191877;2025-11-19 22:42:51.285542;2.4;74.2;26.5;278843.286403;5192.109006881714;6453.344931602478;5413
80160640191877;2025-11-19 22:43:51.316457;2.7;73.7;26.5;278903.317413;5192.176864624023;6453.426407814026;5413
80160640191877;2025-11-19 22:44:51.346545;2.3;74.3;26.5;278963.34744;5192.257884025574;6453.518747329712;5417
80160640191877;2025-11-19 22:45:51.384918;2.8;74.3;26.5;279023.385663;5192.342652320862;6453.617595672607;5417
80160640191877;2025-11-19 22:46:51.416092;2.6;74.3;26.5;279083.41699;5192.431428909302;6453.713736534119;5421
80160640191877;2025-11-19 22:47:51.444478;2.7;74.1;26.5;279143.445398;5192.484354019165;6453.783928871155;5421
80160640191877;2025-11-19 22:48:51.484021;2.5;74.3;26.5;279203.484837;5192.568828582764;6453.884583473206;5425
80160640191877;2025-11-19 22:49:51.513946;2.6;74.0;26.5;279263.514742;5192.651887893677;6453.978011131287;5425
80160640191877;2025-11-19 22:50:51.548704;2.6;74.7;26.5;279323.54953;5192.741907119751;6454.075470924377;5429
80160640191877;2025-11-19 22:51:51.578053;2.5;74.4;26.5;279383.578843;5192.8206424713135;6454.1620836257935;5429
80160640191877;2025-11-19 22:52:51.607175;2.5;74.3;26.5;279443.608014;5192.878727912903;6454.24857711792;5429
80160640191877;2025-11-19 22:53:51.645675;2.5;74.0;26.5;279503.646581;5192.947864532471;6454.329590797424;5429
80160640191877;2025-11-19 22:54:51.676507;2.6;74.2;26.5;279563.67744;5193.036756515503;6454.426358222961;5433
80160640191877;2025-11-19 22:55:51.717508;2.8;74.7;26.5;279623.718455;5193.118783950806;6454.520405769348;5433
80160640191877;2025-11-19 22:56:51.747716;2.5;74.8;26.5;279683.748591;5193.196036338806;6454.606817245483;5437
80160640191877;2025-11-19 22:57:51.786375;2.3;74.3;26.5;279743.787331;5193.245112419128;6454.668947219849;5437
80160640191877;2025-11-19 22:58:51.821349;2.3;74.5;26.5;279803.822062;5193.31755065918;6454.751310348511;5441
80160640191877;2025-11-19 22:59:51.858549;2.4;74.2;26.5;279863.859362;5193.389137268066;6454.8350286483765;5441
80160640191877;2025-11-19 23:00:51.898969;2.6;74.9;26.5;279923.899853;5193.460651397705;6454.9178857803345;5445
80160640191877;2025-11-19 23:01:51.934436;2.8;74.3;26.5;279983.935448;5193.5388879776;6455.0079555511475;5445
80160640191877;2025-11-19 23:02:51.965318;2.5;74.5;26.5;280043.966109;5193.59832572937;6455.079668998718;5445
80160640191877;2025-11-19 23:03:52.001913;2.6;74.2;26.5;280104.002858;5193.665216445923;6455.160918235779;5445
80160640191877;2025-11-19 23:04:52.040966;2.5;74.3;26.5;280164.041892;5193.743330955505;6455.2509479522705;5449
80160640191877;2025-11-19 23:05:52.079100;2.7;74.5;26.5;280224.079882;5193.813696861267;6455.330430984497;5449
80160640191877;2025-11-19 23:06:52.109951;2.6;74.7;26.5;280284.110694;5193.892050743103;6455.4185218811035;5453
80160640191877;2025-11-19 23:07:52.139361;2.4;74.4;26.5;280344.140086;5193.948992729187;6455.487941741943;5453
80160640191877;2025-11-19 23:08:52.178005;2.5;74.8;26.5;280404.178758;5194.018595695496;6455.568752288818;5457
80160640191877;2025-11-19 23:09:52.209625;2.5;74.3;26.5;280464.210587;5194.09777545929;6455.655647277832;5457
80160640191877;2025-11-19 23:10:52.248637;2.6;75.1;26.5;280524.249478;5194.171540260315;6455.740304946899;5457
80160640191877;2025-11-19 23:11:52.279515;2.7;74.7;26.5;280584.280551;5194.237703323364;6455.818583488464;5457
80160640191877;2025-11-19 23:12:52.309838;2.5;74.5;26.5;280644.310652;5194.301619529724;6455.897090911865;5463
80160640191877;2025-11-19 23:13:52.347283;2.9;74.1;26.5;280704.348445;5194.365075111389;6455.972122192383;5463
80160640191877;2025-11-19 23:14:52.387205;8.0;75.6;26.5;280764.387824;5194.449019432068;6456.060552597046;5465
80160640191877;2025-11-19 23:15:52.437768;9.6;74.7;26.5;280824.438502;5194.582409858704;6456.218083381653;5468
80160640191877;2025-11-19 23:16:52.505948;7.8;74.3;26.5;280884.506667;5195.103080749512;6456.417369842529;5468
80160640191877;2025-11-19 23:17:52.572663;4.3;73.5;26.5;280944.573608;5195.137154579163;6456.443347930908;5468
80160640191877;2025-11-19 23:18:52.640922;2.9;73.9;26.5;281004.641881;5195.177206039429;6456.490569114685;5468
80160640191877;2025-11-19 23:19:52.705544;3.2;73.5;26.5;281064.706434;5195.328032493591;6456.64545917511;5468
80160640191877;2025-11-19 23:20:54.094163;3.2;74.4;26.5;281125.095167;5195.395129203796;6456.756585121155;5468
80160640191877;2025-11-19 23:21:54.163907;3.2;74.0;26.5;281185.164649;5195.579644203186;6456.786410331726;5468
80160640191877;2025-11-19 23:22:54.224554;4.3;73.8;26.5;281245.225543;5195.63201713562;6457.212598800659;5468
80160640191877;2025-11-19 23:23:54.290681;5.3;74.2;26.5;281305.29144;5195.824241638184;6457.364635467529;5468
80160640191877;2025-11-19 23:24:54.354826;10.4;74.8;26.5;281365.355683;5201.248893737793;6463.081344604492;5468
80160640191877;2025-11-19 23:25:54.428207;6.6;74.8;26.5;281425.429044;5201.382656097412;6463.14333820343;5468
80160640191877;2025-11-19 23:26:54.496262;3.4;74.9;26.5;281485.497274;5201.409217834473;6463.1630029678345;5468
80160640191877;2025-11-19 23:27:54.566614;4.5;74.7;26.5;281545.567449;5201.609098434448;6463.314975738525;5468
80160640191877;2025-11-19 23:28:54.635128;9.3;75.5;26.5;281605.63593;5201.720837593079;6463.426605224609;5468
80160640191877;2025-11-19 23:29:54.701778;11.6;75.2;26.5;281665.702707;5205.075604438782;6467.608236312866;5468
80160640191877;2025-11-19 23:30:54.770448;10.7;76.1;26.5;281725.771384;5205.429390907288;6467.954395294189;5468
80160640191877;2025-11-19 23:31:54.837801;11.9;75.3;26.5;281785.838698;5205.543181419373;6468.03896522522;5468
80160640191877;2025-11-19 23:32:54.906736;8.9;74.9;26.5;281845.907693;5205.658186912537;6468.705861091614;5468
80160640191877;2025-11-19 23:33:54.976341;12.7;75.4;26.5;281905.9772;5206.780031204224;6468.971400260925;5468
80160640191877;2025-11-19 23:34:55.042307;5.7;75.0;26.5;281966.043095;5206.859293937683;6469.927243232727;5468
80160640191877;2025-11-19 23:35:55.108858;12.2;75.7;26.5;282026.109759;5212.099006652832;6475.009433746338;5468
80160640191877;2025-11-19 23:36:55.178087;8.2;75.3;26.5;282086.1788;5212.2299156188965;6475.129408836365;5468
80160640191877;2025-11-19 23:37:55.241690;6.3;74.5;26.5;282146.24254;5212.442035675049;6475.229173660278;5468
80160640191877;2025-11-19 23:38:55.316693;8.1;75.6;26.5;282206.317569;5212.92915725708;6475.458789825439;5468
80160640191877;2025-11-19 23:39:55.385172;17.9;75.6;26.5;282266.385887;5214.712759971619;6475.806017875671;5468
80160640191877;2025-11-19 23:40:55.453748;9.5;76.6;26.5;282326.454757;5215.37589931488;6475.897207260132;5468
80160640191877;2025-11-19 23:41:55.524268;4.2;75.6;26.5;282386.525035;5215.503846168518;6475.95551109314;5468
80160640191877;2025-11-19 23:42:55.592114;6.2;75.8;26.5;282446.592912;5215.525587081909;6476.144423484802;5468
80160640191877;2025-11-19 23:43:55.660637;10.1;76.2;26.5;282506.661689;5221.2544231414795;6481.723350524902;5468
80160640191877;2025-11-19 23:44:55.728733;13.6;76.8;26.5;282566.729655;5231.692658424377;6493.033151626587;5468
80160640191877;2025-11-19 23:45:55.787888;8.1;76.3;26.5;282626.788981;5231.954664230347;6493.142638206482;5468
80160640191877;2025-11-19 23:46:55.900767;17.3;77.4;26.5;282686.901467;5233.770878791809;6493.3527183532715;5468
80160640191877;2025-11-19 23:47:55.959437;11.2;75.5;26.5;282746.960387;5234.781820297241;6493.4899253845215;5468
80160640191877;2025-11-19 23:48:56.026147;6.0;75.7;26.5;282807.026881;5234.8115882873535;6493.515266418457;5468
80160640191877;2025-11-19 23:49:56.091583;8.4;75.0;26.5;282867.092414;5235.441411018372;6493.658631324768;5468
80160640191877;2025-11-19 23:50:56.166144;8.0;75.9;26.5;282927.166996;5236.3442668914795;6493.764066696167;5468
80160640191877;2025-11-19 23:51:56.234418;9.6;75.8;26.5;282987.235379;5236.5717878341675;6494.9489669799805;5468
80160640191877;2025-11-19 23:52:56.316205;8.1;75.0;26.5;283047.317207;5237.049144744873;6495.500550270081;5468
80160640191877;2025-11-19 23:53:56.384848;13.1;76.0;26.5;283107.385383;5237.9216413497925;6495.941379547119;5468
80160640191877;2025-11-19 23:54:56.465130;11.7;75.4;26.5;283167.466053;5238.214894294739;6496.137481689453;5468
80160640191877;2025-11-19 23:55:56.532633;17.4;76.5;26.5;283227.53355;5239.802919387817;6496.381795883179;5468
80160640191877;2025-11-19 23:56:56.604729;16.1;76.9;26.5;283287.605831;5241.0411376953125;6497.621843338013;5468
80160640191877;2025-11-19 23:57:56.675334;17.8;76.9;26.5;283347.676197;5261.9661684036255;6518.387859344482;5468
80160640191877;2025-11-19 23:58:56.746456;10.5;76.6;26.5;283407.747524;5264.719582557678;6521.138410568237;5468
80160640191877;2025-11-19 23:59:56.813503;10.9;76.6;26.5;283467.814366;5265.428462028503;6522.235751152039;5468
80160640191877;2025-11-20 00:00:56.879302;18.4;76.2;26.5;283527.8801;5266.7855768203735;6522.477801322937;5468
80160640191877;2025-11-20 00:01:56.940129;8.2;75.5;26.5;283587.94107;5267.436964035034;6522.606978416443;5468
80160640191877;2025-11-20 00:02:57.013167;23.7;82.8;26.5;283648.025912;5270.325693130493;6522.878932952881;5468
80160640191877;2025-11-20 00:03:57.409684;19.1;76.6;26.5;283708.410511;5276.266974449158;6528.654410362244;5468
80160640191877;2025-11-20 00:04:57.543370;16.5;77.0;26.5;283768.544214;5282.367946624756;6535.039299964905;5468
80160640191877;2025-11-20 00:05:57.617315;15.0;74.2;26.5;283828.618363;5284.58748626709;6537.039996147156;5468
80160640191877;2025-11-20 00:06:57.684571;17.5;74.6;26.5;283888.685337;5286.384063720703;6537.901501655579;5468
80160640191877;2025-11-20 00:07:57.745620;20.6;75.4;26.5;283948.746474;5286.725835800171;6538.073897361755;5468
80160640191877;2025-11-20 00:08:57.829625;18.7;75.2;26.5;284008.830589;5289.627404212952;6538.373849868774;5468
80160640191877;2025-11-20 00:09:57.897919;16.9;75.0;26.5;284068.898993;5291.708559989929;6539.245674133301;5468
80160640191877;2025-11-20 00:10:57.966723;12.3;75.5;26.5;284128.967632;5291.843102455139;6539.288013458252;5468
80160640191877;2025-11-20 00:11:58.032978;23.3;74.7;26.5;284189.033538;5295.3784532547;6543.08484172821;5468
80160640191877;2025-11-20 00:12:58.087388;19.4;75.0;26.5;284249.088192;5298.551774024963;6543.897483825684;5470
80160640191877;2025-11-20 00:13:58.156532;15.4;75.2;26.5;284309.157406;5298.877139091492;6544.061712265015;5470
80160640191877;2025-11-20 00:14:58.225212;11.3;75.4;26.5;284369.226036;5299.103628158569;6545.167368888855;5470
80160640191877;2025-11-20 00:15:58.292805;14.7;54.4;26.5;284429.293426;5301.743425369263;6551.835921287537;5470
80160640191877;2025-11-20 00:16:58.360084;69.4;66.4;26.5;284489.362571;5304.253505706787;6566.125492095947;5470
80160640191877;2025-11-20 00:17:58.862909;40.5;70.8;26.5;284549.863901;5305.042615890503;6566.582180976868;5470
80160640191877;2025-11-20 00:18:58.931204;11.5;69.0;26.5;284609.932061;5305.332131385803;6566.869417190552;5470
80160640191877;2025-11-20 00:19:58.999236;17.8;69.9;26.5;284670.000188;5305.761461257935;6568.769278526306;5470
80160640191877;2025-11-20 00:20:59.063653;9.6;66.0;26.5;284730.064629;5306.677843093872;6568.89110660553;5470
80160640191877;2025-11-20 00:21:59.132528;21.2;67.3;26.5;284790.133448;5306.901924133301;6569.1176652908325;5470
80160640191877;2025-11-20 00:22:59.202080;19.7;66.4;26.5;284850.202833;5307.119180679321;6570.144930839539;5470
80160640191877;2025-11-20 00:23:59.271322;6.4;66.3;26.5;284910.272218;5307.7630443573;6570.241823196411;5470
80160640191877;2025-11-20 00:24:59.339422;17.0;67.7;26.5;284970.340452;5309.848593711853;6570.565441131592;5470
80160640191877;2025-11-20 00:25:59.416220;12.3;69.4;26.6;285030.417075;5311.179501533508;6571.326588630676;5470
80160640191877;2025-11-20 00:26:59.504067;22.4;68.2;26.6;285090.505;5313.731589317322;6572.727584838867;5470
80160640191877;2025-11-20 00:27:59.576722;22.7;69.2;26.6;285150.578043;5317.485129356384;6574.292366981506;5470
80160640191877;2025-11-20 00:28:59.664059;26.7;70.0;26.6;285210.664914;5319.177003860474;6574.589715003967;5470
80160640191877;2025-11-20 00:29:59.732959;9.6;68.7;26.6;285270.733811;5319.889147758484;6574.815618515015;5470
80160640191877;2025-11-20 00:30:59.803551;21.4;70.0;26.6;285330.80451;5320.043756484985;6574.905702590942;5470
80160640191877;2025-11-20 00:31:59.875306;12.5;70.2;26.6;285390.87617;5320.25189781189;6575.019145965576;5470
80160640191877;2025-11-20 00:32:59.950602;14.7;70.3;26.6;285450.951304;5320.34237575531;6575.086079597473;5470
80160640191877;2025-11-20 00:34:00.021406;18.7;70.4;26.6;285511.022285;5321.557298660278;6578.0497217178345;5470
80160640191877;2025-11-20 00:35:00.099685;17.5;69.8;26.6;285571.101571;5322.499814987183;6587.175439834595;5470
80160640191877;2025-11-20 03:07:26.335275;18.9;50.3;26.6;294717.336254;5323.009873390198;6588.887279510498;5483
80160640191877;2025-11-20 03:08:31.941950;11.9;49.4;26.6;294782.942633;5323.222913742065;6589.0864181518555;5497
